expense_type,currency,total,country_id
Daily Cost,EC$,761.96,1
Accommodation,EC$,486.02,1
Food,EC$,179.1,1
Local Transportation,EC$,50.57,1
Entertainment,EC$,235.97,1
Intercity Transportation,EC$,125.67,1
Alcohol,EC$,50.64,1
Taxi From Airport,EC$,18.9,1
Taxi From Airport,EC$,94.5,1
Entrance to the Museum of Antigua & Barbu,EC$,8.1,1
Admission to Nelson's Dockyard National ,EC$,13.5,1
2 Hour Snorkeling Trip,EC$,108,1
Windsurfing Equipment Rental for 1 Hr,EC$,135,1
Two Tank Dive,EC$,216,1
90 Minute Rainforest Canopy Tour,EC$,216,1
Local Bus,EC$,4.1,1
Local Bus,EC$,4.1,1
Catamaran Island Tour,EC$,324,1
Catamaran Island Tour,EC$,324,1
Daily Cost,AR$,372.92,2
Accommodation,AR$,203.86,2
Food,AR$,89.49,2
Water,AR$,9.2,2
Local Transportation,AR$,33.48,2
Entertainment,AR$,117.28,2
Communication,AR$,13.63,2
Tips and Handouts,AR$,14.39,2
Intercity Transportation,AR$,178.33,2
Souvenirs,AR$,68.91,2
"Scams, Robberies, and Mishaps",AR$,21.41,2
Alcohol,AR$,26.94,2
Lunch for 2,AR$,142,2
Hostel San Telmo for 2,AR$,238.23,2
Museo for 2,AR$,50,2
Taxi Ride,AR$,5,2
Sandwich,AR$,10,2
Internet,AR$,1,2
Sandwich,AR$,5,2
Fruit,AR$,8,2
Burger,AR$,10,2
Ice Cream,AR$,6,2
1 Liter Water,AR$,3,2
Gondola Ride,AR$,15,2
Daily Cost,À,465.75,3
Accommodation,À,297.79,3
Food,À,97.98,3
Water,À,5.56,3
Local Transportation,À,46.19,3
Entertainment,À,137.92,3
Communication,À,20.2,3
Intercity Transportation,À,48.3,3
Alcohol,À,39.63,3
1 Day Wireless Internet,À,17.8,3
Round-trip Bus Ticket,À,4,3
Round-trip Bus Ticket,À,4,3
Round-trip Bus Ticket,À,4,3
One Day Scooter Rental,À,71.2,3
One Day Scooter Rental,À,71.2,3
4 Hr Snorkel Trip,À,133.5,3
4 Hr Snorkel Trip,À,133.5,3
Full Day Bike Rental,À,44.75,3
Full Day Bike Rental,À,44.75,3
Full Day Bike Rental,À,44.75,3
Horseback Riding Tour,À,125.3,3
Daily Cost,AU$,232.32,4
Accommodation,AU$,126.1,4
Food,AU$,41.81,4
Water,AU$,3.79,4
Local Transportation,AU$,41.17,4
Entertainment,AU$,50.86,4
Communication,AU$,17.11,4
Tips and Handouts,AU$,109.14,4
Intercity Transportation,AU$,108.22,4
Souvenirs,AU$,65.72,4
"Scams, Robberies, and Mishaps",AU$,76.92,4
Alcohol,AU$,13.48,4
Pizza,AU$,7,4
Bottle of Wine,AU$,7.75,4
Tram Ride,AU$,3.8,4
Dinner at Olivo (for 2),AU$,90,4
Surfing Museum (for 2),AU$,11,4
Sunset Cruise (for 2),AU$,20,4
Surf Lesson,AU$,65,4
Surf Lesson,AU$,120,4
Sea Kayak Tour (for 2),AU$,130,4
Buddha Gardens Spa (for 2),AU$,190,4
Sydney Tower Visit (for 2),AU$,46.15,4
Blue Mountain Tour/Featherdale Park (for 2),AU$,190.38,4
Daily Cost,€,98.03,5
Accommodation,€,53.4,5
Food,€,24.66,5
Water,€,2.62,5
Local Transportation,€,15.63,5
Entertainment,€,15.26,5
Communication,€,3.15,5
Tips and Handouts,€,1.55,5
Intercity Transportation,€,44.86,5
Souvenirs,€,14.24,5
"Scams, Robberies, and Mishaps",€,2.5,5
Alcohol,€,11.73,5
Soup for Lunch,€,3.75,5
Pasta Lunch,€,8.2,5
Botanical Garden Entrance Fee,€,2,5
Schloss Ambras Entrance,€,8,5
Laundry,€,3.5,5
Pizza Supper (for 2),€,15.7,5
Tea,€,2,5
Coffee,€,2,5
Postcards & Postage,€,4.9,5
Ice Cream,€,2.6,5
Coffee at Train Station,€,4,5
Chocolate,€,1.7,5
Daily Cost,BS$,121.84,6
Accommodation,BS$,63.29,6
Food,BS$,38.24,6
Local Transportation,BS$,20.41,6
Entertainment,BS$,18.44,6
Tips and Handouts,BS$,12.51,6
Intercity Transportation,BS$,35.94,6
Souvenirs,BS$,2.95,6
Alcohol,BS$,12.24,6
Taxi from Airport,BS$,30,6
4 Hr Kayak Tour,BS$,70,6
4 Hr. Kayak Tour,BS$,70,6
1/2 Day Snorkel Trip,BS$,75,6
1/2 Day Snorkel Trip,BS$,75,6
10 Dive Package,BS$,299,6
Water Taxi,BS$,8,6
Taxi to Cable Beach,BS$,25,6
Cocktail,BS$,6.5,6
Jet Ski,BS$,50,6
Parasailing for Three People,BS$,240,6
Daily Cost,BHD,48.34,7
Accommodation,BHD,20,7
Food,BHD,16.92,7
Water,BHD,0.85,7
Local Transportation,BHD,9.14,7
Entertainment,BHD,10.29,7
Intercity Transportation,BHD,34.29,7
Alcohol,BHD,3.43,7
Daily Cost,BDT,4540.12,8
Accommodation,BDT,2685.78,8
Food,BDT,1142.89,8
Local Transportation,BDT,571.44,8
Entertainment,BDT,1428.61,8
Intercity Transportation,BDT,685.73,8
Alcohol,BDT,891.45,8
Daily Cost,B$,606.73,9
Accommodation,B$,378.94,9
Food,B$,153.87,9
Local Transportation,B$,49.41,9
Entertainment,B$,171.06,9
Intercity Transportation,B$,64.53,9
Alcohol,B$,42.16,9
Minibus Ride,B$,1.5,9
Taxi From Airport,B$,36,9
Taxi From Airport,B$,36,9
Taxi From Airport,B$,76,9
1/2 Day Windsurfing Equipment Rental,B$,120,9
1/2 Day Windsurfing Equipment Rental,B$,120,9
1/2 Hr Helicopter Tour,B$,350,9
Turtle & Shipwreck Tour,B$,79.6,9
Daily Cost,€,106.53,10
Accommodation,€,50.86,10
Food,€,32.68,10
Water,€,2.77,10
Local Transportation,€,13.35,10
Entertainment,€,9.37,10
Communication,€,75.01,10
Tips and Handouts,€,7.08,10
Intercity Transportation,€,22.04,10
Souvenirs,€,9.02,10
Alcohol,€,10.56,10
Atomium train ticket (2),€,8,10
Waffle,€,3,10
Beer,€,6,10
2 Souvenir T-shirts,€,10.95,10
Dessert (Turkish Delights),€,4.75,10
Cheese,€,5.6,10
Olives and Snacks,€,6.98,10
Bottle of Wine,€,10,10
Soda,€,1.15,10
Car Rental for a Day,€,26.64,10
Subway Pass,€,4.5,10
Bike Rental for Day,€,8,10
Daily Cost,BZ$,95.3,11
Accommodation,BZ$,35.48,11
Food,BZ$,35.79,11
Water,BZ$,3,11
Local Transportation,BZ$,7.57,11
Entertainment,BZ$,55.13,11
Tips and Handouts,BZ$,6.63,11
Intercity Transportation,BZ$,18.58,11
Souvenirs,BZ$,6.14,11
Alcohol,BZ$,20.1,11
Daily Cost,BM$,164.39,12
Accommodation,BM$,41.88,12
Food,BM$,77.62,12
Local Transportation,BM$,45.13,12
Entertainment,BM$,43.61,12
Daily Cost,$b,192.83,13
Accommodation,$b,62.39,13
Food,$b,66.66,13
Water,$b,8.76,13
Local Transportation,$b,14.91,13
Entertainment,$b,97.74,13
Communication,$b,69.19,13
Tips and Handouts,$b,22.52,13
Intercity Transportation,$b,103.82,13
Souvenirs,$b,26.87,13
"Scams, Robberies, and Mishaps",$b,53.37,13
Alcohol,$b,30.15,13
Cappucino,$b,17,13
Cappuccino ,$b,30,13
Hostel for 2,$b,70,13
Museo Tessile (2),$b,44,13
Public Toilet Fee,$b,1,13
Taxi Ride,$b,10,13
Empanada,$b,1.5,13
Cookie,$b,3,13
Popcorn,$b,4,13
Pizza,$b,53,13
Juice,$b,7,13
Toilet Fee,$b,2,13
Daily Cost,KM,107.18,14
Accommodation,KM,46.28,14
Food,KM,41.49,14
Water,KM,6.37,14
Local Transportation,KM,11.56,14
Entertainment,KM,13.14,14
Tips and Handouts,KM,1.34,14
Intercity Transportation,KM,31.41,14
Souvenirs,KM,14.43,14
Alcohol,KM,6.15,14
Tram Tickets (for 2),KM,3,14
National Museum (for 2),KM,14,14
Restaurant Dinner (for 2),KM,8,14
Taxi To & From Blagaj (hiking),KM,40,14
Restaurant Dinner (for 2),KM,22,14
A Few Drinks (for 2),KM,12,14
A Casual Dinner Out (for 2),KM,28,14
Daily Cost,P,662.56,15
Accommodation,P,322.55,15
Food,P,176.83,15
Water,P,12.92,15
Local Transportation,P,50.75,15
Entertainment,P,371.44,15
Intercity Transportation,P,314.29,15
Alcohol,P,77.81,15
Daily Cost,R$,201.82,16
Accommodation,R$,113.53,16
Food,R$,45.16,16
Water,R$,5.27,16
Local Transportation,R$,20.44,16
Entertainment,R$,23.48,16
Communication,R$,10.19,16
Tips and Handouts,R$,1.38,16
Intercity Transportation,R$,78.76,16
Souvenirs,R$,43.07,16
"Scams, Robberies, and Mishaps",R$,30.13,16
Alcohol,R$,13.2,16
Dinner for 2,R$,7,16
Drinks,R$,14,16
Sarong,R$,16,16
Bus from Airport,R$,6,16
Beers for 2,R$,7,16
Hot Dog,R$,4,16
Beer,R$,4,16
Ferry Ride,R$,13,16
Taxi Ride,R$,10,16
Espresso,R$,2.5,16
Beer,R$,2.25,16
Beer,R$,5,16
Daily Cost,$,264.32,17
Accommodation,$,175.83,17
Food,$,57.37,17
Local Transportation,$,23.12,17
Entertainment,$,63.25,17
Intercity Transportation,$,37.41,17
Alcohol,$,19.76,17
Ferry From Road Town to Virgin Gorda,$,20,17
Taxi From Airport,$,30,17
Island Tour (per person),$,45,17
2.5 Hr Taxi Tour,$,75,17
1 Hr Horseback Ride in Sage Mt. Nat'l Pk,$,100,17
1 Hr Horseback Ride in Sage Mt. Nat'l Pk,$,100,17
Daily Cost,BGN,87.26,18
Accommodation,BGN,49.5,18
Food,BGN,22.26,18
Water,BGN,1.82,18
Local Transportation,BGN,13.6,18
Entertainment,BGN,11.77,18
Tips and Handouts,BGN,6.2,18
Intercity Transportation,BGN,32.64,18
Souvenirs,BGN,1.91,18
"Scams, Robberies, and Mishaps",BGN,10,18
Alcohol,BGN,10.62,18
Daily Cost,CFA,14869.67,19
Accommodation,CFA,6410,19
Food,CFA,3292.31,19
Water,CFA,1702.42,19
Local Transportation,CFA,5369.15,19
Tips and Handouts,CFA,418.75,19
Intercity Transportation,CFA,1600.39,19
Alcohol,CFA,800,19
Daily Cost,៛,129718.01,20
Accommodation,៛,41981.42,20
Food,៛,45767.75,20
Water,៛,5138.7,20
Local Transportation,៛,17672.72,20
Entertainment,៛,39695.89,20
Communication,៛,22441.93,20
Tips and Handouts,៛,7859.06,20
Intercity Transportation,៛,38132.97,20
Souvenirs,៛,44324.07,20
"Scams, Robberies, and Mishaps",៛,8976.55,20
Alcohol,៛,7746.31,20
Bike Rentals,៛,7800,20
Breakfast for Two,៛,19500,20
Massage,៛,39000,20
Tuk Tuk Ride,៛,53950,20
Breakfast for Two,៛,22550,20
Dinner for Two,៛,41000,20
Angkor Tour Guide,៛,33232,20
Daily Cost,CA$,134.35,21
Accommodation,CA$,63.62,21
Food,CA$,32.14,21
Water,CA$,2.8,21
Local Transportation,CA$,23.01,21
Entertainment,CA$,20.11,21
Communication,CA$,14.81,21
Tips and Handouts,CA$,4.22,21
Intercity Transportation,CA$,119.94,21
Souvenirs,CA$,24.25,21
"Scams, Robberies, and Mishaps",CA$,2.51,21
Alcohol,CA$,17.98,21
Parking in Quebec City,CA$,5,21
Tim Hortons breakfast and coffee,CA$,12.35,21
Toll Bridge (round trip),CA$,45,21
Grand Banker Lunch for 2,CA$,46.6,21
Bluenose II Restaurant,CA$,61.39,21
Train: 2 Day Passes,CA$,22,21
Bata Shoe Museum (2),CA$,10,21
Coffee at Timmy's,CA$,5,21
Tim Hortons Breakfast,CA$,16,21
Coffee at Starbucks,CA$,16,21
Driving Range,CA$,20,21
Zipline,CA$,230,21
Daily Cost,CI$,216.24,22
Accommodation,CI$,151.83,22
Food,CI$,40.29,22
Local Transportation,CI$,20,22
Entertainment,CI$,41.99,22
Intercity Transportation,CI$,36.22,22
Alcohol,CI$,14.71,22
All You Can Eat BBQ,CI$,15,22
Pedro St. James Castle Entrance Fee,CI$,8.2,22
"""Discover the East"" Adventure Card",CI$,13.11,22
Ticket to the Theater,CI$,34,22
Ticket to the Theater,CI$,34,22
Bus Ride,CI$,2.07,22
Taxi From Airport,CI$,20.66,22
Sunset Cruise,CI$,33.06,22
Glass Bottom Boat Tour,CI$,37.19,22
Snorkeling at Stingray City,CI$,61.98,22
Rental Car,CI$,41.32,22
Beer,CI$,4.13,22
Daily Cost,CL$,43977.67,23
Accommodation,CL$,27308.04,23
Food,CL$,8823.26,23
Water,CL$,1031.13,23
Local Transportation,CL$,3565.64,23
Entertainment,CL$,10851.43,23
Communication,CL$,1458.71,23
Tips and Handouts,CL$,659.58,23
Intercity Transportation,CL$,17144.74,23
Souvenirs,CL$,5782.39,23
Alcohol,CL$,3470.24,23
Bike Rental,CL$,8000,23
Hamburger,CL$,2390,23
Internet,CL$,1200,23
Short Taxi Ride,CL$,2000,23
Empanadas,CL$,1200,23
Juice & Coffee,CL$,3200,23
Empanada,CL$,1800,23
Metro Ride,CL$,1080,23
Laundry,CL$,2100,23
Empanada,CL$,1800,23
Boat Tour,CL$,4000,23
Taxi Ride,CL$,3000,23
Daily Cost,¥,561.81,24
Accommodation,¥,367.87,24
Food,¥,94.1,24
Water,¥,5.82,24
Local Transportation,¥,21.66,24
Entertainment,¥,97.85,24
Communication,¥,66.84,24
Tips and Handouts,¥,33.76,24
Intercity Transportation,¥,254.9,24
Souvenirs,¥,237.75,24
"Scams, Robberies, and Mishaps",¥,85.2,24
Alcohol,¥,36.98,24
Metro,¥,4,24
Audio Guides at Forbidden City,¥,80,24
Forbidden City Tickets,¥,120,24
Toilet Paper,¥,2,24
Local Bus,¥,2,24
Fanta,¥,3,24
Beer,¥,7,24
Forbidden City (for 2),¥,120,24
Traditional Chinese Candy,¥,13,24
2 Metro Passes,¥,16,24
Bus to Border (for 2),¥,40,24
Two Popsicles,¥,6,24
Daily Cost,CO$,73764.9,25
Accommodation,CO$,30923.87,25
Food,CO$,22194.35,25
Water,CO$,2965.57,25
Local Transportation,CO$,8706.52,25
Entertainment,CO$,20473.13,25
Communication,CO$,12497.74,25
Tips and Handouts,CO$,2862.31,25
Intercity Transportation,CO$,32958.31,25
Souvenirs,CO$,19807.43,25
"Scams, Robberies, and Mishaps",CO$,150000,25
Alcohol,CO$,10683.77,25
Taxi,CO$,6300,25
Lunch,CO$,8000,25
Gas,CO$,20000,25
Beer,CO$,9000,25
Breakfast,CO$,12000,25
Beer,CO$,2200,25
2 Bus Passes,CO$,3400,25
Short Taxi Ride,CO$,4600,25
Hot Dog,CO$,3500,25
Hamburger,CO$,6500,25
Coffee,CO$,1200,25
Coffee,CO$,1800,25
Daily Cost,₡,38158.29,26
Accommodation,₡,20680.16,26
Food,₡,8953.12,26
Water,₡,1158.25,26
Local Transportation,₡,4071.88,26
Entertainment,₡,13464.16,26
Communication,₡,10137.6,26
Tips and Handouts,₡,777.65,26
Intercity Transportation,₡,7151.93,26
Souvenirs,₡,13376.49,26
Alcohol,₡,4555.52,26
Dinner at Finca Exotica,₡,27276,26
Pizza,₡,1850,26
Lunch,₡,4000,26
Bike Rental,₡,2487.95,26
Pasta Dinner (for 1),₡,7947.36,26
Souvenir Skirt,₡,5235,26
Souvenir Purse,₡,15330,26
Smoothie,₡,1500,26
Lunch,₡,6989.78,26
Yoga,₡,6230.89,26
Fruit Plate,₡,1500,26
Breakfast Taco Bar,₡,1695,26
Daily Cost,kn,487.7,27
Accommodation,kn,277.79,27
Food,kn,130.89,27
Water,kn,7,27
Local Transportation,kn,53.31,27
Entertainment,kn,54.77,27
Communication,kn,25,27
Tips and Handouts,kn,5,27
Intercity Transportation,kn,130.67,27
Souvenirs,kn,16.2,27
Alcohol,kn,43.35,27
Seafood Dinner (for 2),kn,218,27
Boat to Lokrum Island (for 2),kn,100,27
Cable Car Ride (for 2),kn,200,27
City Wall Tour (for 2),kn,130.8,27
Bus Around Town,kn,10.75,27
Daily Cost,₱,44.84,28
Accommodation,₱,24.62,28
Food,₱,7.24,28
Water,₱,1.24,28
Local Transportation,₱,6.25,28
Entertainment,₱,26.59,28
Communication,₱,1.5,28
Tips and Handouts,₱,1.15,28
Intercity Transportation,₱,12.67,28
Souvenirs,₱,6.24,28
Alcohol,₱,8.15,28
Short Taxi Ride,₱,18,28
Pizza,₱,0.88,28
Bathroom Fee,₱,0.04,28
Mojito,₱,4,28
Daily Cost,ANG,477.83,29
Accommodation,ANG,330.99,29
Food,ANG,91.12,29
Local Transportation,ANG,35.13,29
Entertainment,ANG,130.82,29
Intercity Transportation,ANG,54.56,29
Alcohol,ANG,35.29,29
Jewish Cultural Historical Museum Entrance Fe,ANG,10.56,29
1 Hour Trolley Tour,ANG,44,29
1/2 Day ATV Excursion,ANG,158.4,29
Daily Cost,€,77,30
Accommodation,€,37.35,30
Food,€,29.63,30
Local Transportation,€,6.34,30
Entertainment,€,9.56,30
Communication,€,16.75,30
Intercity Transportation,€,15.84,30
Alcohol,€,7.98,30
Daily Cost,Kč,1899.48,31
Accommodation,Kč,1138.7,31
Food,Kč,484.13,31
Water,Kč,73.87,31
Local Transportation,Kč,143.77,31
Entertainment,Kč,278.43,31
Tips and Handouts,Kč,67.54,31
Intercity Transportation,Kč,431.41,31
Souvenirs,Kč,397.87,31
"Scams, Robberies, and Mishaps",Kč,200,31
Alcohol,Kč,193.86,31
Two Tickets for Charles Bridge Tower,Kč,140,31
Image Theatre for Two,Kč,960,31
Charles Bridge Tower Souvenir,Kč,50,31
Cookies,Kč,7.9,31
Bananas,Kč,14.1,31
Opera Tickets,Kč,100,31
A Bottle of Wine,Kč,159,31
Fruit,Kč,100,31
Lunch for One,Kč,300,31
Daily Cost,EC$,440.82,32
Accommodation,EC$,291.83,32
Food,EC$,102.62,32
Local Transportation,EC$,32.68,32
Entertainment,EC$,81.25,32
Intercity Transportation,EC$,97.15,32
Souvenirs,EC$,13.5,32
"Scams, Robberies, and Mishaps",EC$,0.5,32
Alcohol,EC$,37.03,32
Tour of Carib Indian Territory,EC$,25.92,32
1/2 Day Kayak Rental,EC$,94.5,32
Half Day Taxi Tour of Island,EC$,270,32
Daily Cost,RD$,6252.64,33
Accommodation,RD$,3980.55,33
Food,RD$,1723.51,33
Local Transportation,RD$,286.69,33
Entertainment,RD$,1322.99,33
Intercity Transportation,RD$,744.81,33
Alcohol,RD$,470.13,33
Banana Boat Ride,RD$,370,33
1 Hr Kayak Rental,RD$,740,33
Water Skiing,RD$,1110,33
Full Day Snorkeling Trip,RD$,1665,33
1 Hr Horseback Ride,RD$,1887,33
1 Hr Tennis Lesson,RD$,2553,33
Paragliding,RD$,3145,33
Snorkeling Tour,RD$,2590,33
Snorkeling Tour,RD$,2590,33
Snorkeling Tour,RD$,2590,33
Snorkeling Tour,RD$,2590,33
Snorkeling Tour,RD$,2590,33
Daily Cost,$,34.1,34
Accommodation,$,12.57,34
Food,$,11.93,34
Water,$,1.17,34
Local Transportation,$,2.53,34
Entertainment,$,9.92,34
Communication,$,17.94,34
Tips and Handouts,$,16.69,34
Intercity Transportation,$,7.01,34
Souvenirs,$,7.96,34
"Scams, Robberies, and Mishaps",$,2.15,34
Alcohol,$,4.34,34
Coffee,$,2.5,34
Hot Dog,$,1,34
Empanada,$,1.5,34
Ice Cream,$,1,34
Internet,$,4,34
Taxi Ride,$,2,34
Coke,$,1,34
Snacks,$,2,34
A Quick Snack,$,2.1,34
Snacks,$,4.1,34
Snacks,$,5,34
Coffee Beans,$,5.25,34
Daily Cost,EG£,356.05,35
Accommodation,EG£,187.64,35
Food,EG£,88.68,35
Water,EG£,3.47,35
Local Transportation,EG£,54.58,35
Entertainment,EG£,111.61,35
Tips and Handouts,EG£,21.04,35
Intercity Transportation,EG£,165.09,35
Souvenirs,EG£,253.17,35
"Scams, Robberies, and Mishaps",EG£,33.91,35
Alcohol,EG£,38.54,35
Egyptian Museum Entry for Two,EG£,308,35
Metro Ride,EG£,4,35
Taxi to Train Station,EG£,4,35
Taxi Ride,EG£,15,35
Taxi Ride,EG£,20,35
Juice,EG£,2,35
Juice,EG£,5,35
Breakfast for Two,EG£,30,35
Seafood Dinner (for 2),EG£,95,35
Bottle of Water,EG£,2,35
1.5 Liter Water,EG£,4,35
1 Liter Water,EG£,5,35
Daily Cost,€,51.06,36
Accommodation,€,25.25,36
Food,€,13.79,36
Water,€,2.66,36
Local Transportation,€,9.56,36
Entertainment,€,4.21,36
Communication,€,3,36
Tips and Handouts,€,1.47,36
Intercity Transportation,€,17.15,36
Souvenirs,€,9.98,36
Alcohol,€,7.36,36
Cookies,€,0.51,36
Ice Cream,€,1.27,36
Coffee & Cake,€,3.47,36
Art Museum ticket,€,0.95,36
Movie Ticket,€,3.47,36
2 Postcards,€,0.69,36
Tram Around Town for Two,€,1.66,36
Rental Car and Gas for a Day,€,34.37,36
Danishes,€,0.76,36
Dessert,€,1.15,36
Salmon,€,1.28,36
Lunch for Two,€,4.93,36
Daily Cost,ETB,321.62,37
Accommodation,ETB,137.32,37
Food,ETB,94.27,37
Water,ETB,13.46,37
Local Transportation,ETB,31.96,37
Entertainment,ETB,95.51,37
Tips and Handouts,ETB,8.15,37
Intercity Transportation,ETB,342.81,37
Souvenirs,ETB,185.67,37
"Scams, Robberies, and Mishaps",ETB,15,37
Alcohol,ETB,86.7,37
Short Taxi Ride,ETB,5,37
Tuk Tuk Ride,ETB,20,37
Short Taxi Ride,ETB,30,37
Short Taxi Ride,ETB,40,37
Slice of Cake,ETB,7,37
Cookies,ETB,10,37
Dessert Cake,ETB,10,37
Two Cold Fruit Drinks,ETB,16,37
Pastries (for 2),ETB,17,37
Breakfast (for 2),ETB,24,37
Restaurant Dinner for 2,ETB,45,37
Lunch (for 2),ETB,50,37
Daily Cost,FJ$,201.27,38
Accommodation,FJ$,132.63,38
Food,FJ$,55.45,38
Local Transportation,FJ$,9.18,38
Entertainment,FJ$,11.48,38
Intercity Transportation,FJ$,57.4,38
Alcohol,FJ$,12.97,38
Daily Cost,€,113.91,39
Accommodation,€,53.87,39
Food,€,26.46,39
Water,€,7.72,39
Local Transportation,€,17.42,39
Entertainment,€,21.68,39
Communication,€,14.46,39
Intercity Transportation,€,68.38,39
Souvenirs,€,20.01,39
Alcohol,€,12.18,39
"Ferry to Tallin, Estonia",€,159.89,39
Daily Cost,€,148.02,40
Accommodation,€,93.29,40
Food,€,28.42,40
Water,€,2.83,40
Local Transportation,€,14.44,40
Entertainment,€,30.74,40
Communication,€,9.2,40
Tips and Handouts,€,16.01,40
Intercity Transportation,€,32.6,40
Souvenirs,€,21.91,40
"Scams, Robberies, and Mishaps",€,143.48,40
Alcohol,€,13.59,40
Metro tickets,€,6.8,40
Dinner on River Cruise,€,86,40
Breakfast for 2,€,29.5,40
Catacombs (2),€,23,40
Parking,€,1.4,40
Gifts--Chocolate & Linens,€,67,40
Cookie,€,1,40
Coffee,€,2.8,40
Fast Food Lunch (for 2),€,9,40
Nice Dinner for Two,€,68.7,40
Winery Tour (for 2),€,20,40
Pastry,€,1.7,40
Daily Cost,€,96.69,41
Accommodation,€,51.78,41
Food,€,26.41,41
Water,€,2.03,41
Local Transportation,€,12.16,41
Entertainment,€,17.11,41
Communication,€,12.23,41
Tips and Handouts,€,2.29,41
Intercity Transportation,€,35.14,41
Souvenirs,€,18.01,41
"Scams, Robberies, and Mishaps",€,29.7,41
Alcohol,€,11.25,41
Coffees at Impala,€,7.8,41
Neuschwanstein Castle (2),€,24,41
Coffee,€,2.4,41
Bayern Day Pass (2),€,27,41
City transport day ticket ,€,11.2,41
Hofbrauhaus,€,12.2,41
Berlin Zoo (2),€,19.5,41
Mauer Park (2),€,11,41
Single Zone Trip on Subway,€,2.3,41
Inner District Subway Day Pass,€,5.2,41
Leberkässemmeln (Veal & Pork Sandwich),€,1.95,41
Schack Gallery Entrance,€,4,41
Daily Cost,GH¢,40.87,42
Accommodation,GH¢,12.88,42
Food,GH¢,13.83,42
Water,GH¢,2.55,42
Local Transportation,GH¢,13.46,42
Entertainment,GH¢,12.91,42
Communication,GH¢,4.55,42
Tips and Handouts,GH¢,1.15,42
Intercity Transportation,GH¢,4.08,42
Souvenirs,GH¢,1,42
"Scams, Robberies, and Mishaps",GH¢,17.08,42
Alcohol,GH¢,4.28,42
Daily Cost,€,90.84,43
Accommodation,€,46.3,43
Food,€,26.87,43
Water,€,2.24,43
Local Transportation,€,15.64,43
Entertainment,€,11.66,43
Tips and Handouts,€,1.34,43
Intercity Transportation,€,35.85,43
Souvenirs,€,13.66,43
Alcohol,€,12.03,43
Metro from Airport to City Center,€,8,43
Taxi to Kalafatis,€,13,43
Taxi from Airport,€,35,43
Souvlaki,€,2.2,43
Metro,€,2,43
Ice cream,€,3,43
Coffee,€,3.5,43
Greece Museum Ticket,€,18,43
Souvenirs,€,34,43
Cable Car,€,8,43
Coffee,€,1.8,43
Taxi Ride,€,7,43
Daily Cost,kr,1372.18,44
Accommodation,kr,731.45,44
Food,kr,400.01,44
Local Transportation,kr,285.72,44
Entertainment,kr,254.29,44
Intercity Transportation,kr,342.87,44
Alcohol,kr,171.43,44
Daily Cost,EC$,640.29,45
Accommodation,EC$,455.88,45
Food,EC$,134.26,45
Water,EC$,2.5,45
Local Transportation,EC$,34.54,45
Entertainment,EC$,96.9,45
Intercity Transportation,EC$,61.58,45
Alcohol,EC$,42.53,45
Taxi From Airport,EC$,81,45
Evening Sailing Trip,EC$,40.5,45
9 Holes of Golf,EC$,59.4,45
Snorkeling Trip,EC$,94.5,45
Ginger Bun,EC$,1.5,45
Bottled Water,EC$,5,45
Daily Cost,Q,247.26,46
Accommodation,Q,85.46,46
Food,Q,76.44,46
Water,Q,14.93,46
Local Transportation,Q,35.41,46
Entertainment,Q,147.13,46
Communication,Q,7.8,46
Tips and Handouts,Q,8.31,46
Intercity Transportation,Q,115.05,46
Souvenirs,Q,46.04,46
"Scams, Robberies, and Mishaps",Q,276.4,46
Alcohol,Q,43.91,46
Lunch,Q,60,46
Lunch,Q,25,46
Sunglasses,Q,35,46
Coffee & Cake,Q,35,46
Kayak for 2 Hrs (for 2),Q,40,46
Indian Nose Hike (for 2),Q,300,46
Bread,Q,5.6,46
Railroad Museum (for 2),Q,12,46
Santa Maria Trek (for 2),Q,550,46
Water,Q,8.55,46
Ice Cream,Q,42,46
Hot Cocoa & Banana Bread,Q,23,46
Daily Cost,L,701.7,47
Accommodation,L,156.17,47
Food,L,177.73,47
Water,L,19.58,47
Local Transportation,L,261.12,47
Entertainment,L,470.36,47
Tips and Handouts,L,18.94,47
Intercity Transportation,L,896.35,47
Souvenirs,L,40.85,47
"Scams, Robberies, and Mishaps",L,9.53,47
Alcohol,L,157.96,47
Water Taxi,L,105,47
Daily Cost,HK$,1173.84,48
Accommodation,HK$,471.57,48
Food,HK$,183.59,48
Water,HK$,21.6,48
Local Transportation,HK$,50.49,48
Entertainment,HK$,643.14,48
Communication,HK$,48,48
Tips and Handouts,HK$,10.22,48
Intercity Transportation,HK$,1584.67,48
Souvenirs,HK$,364.12,48
Alcohol,HK$,99.89,48
MTR (for 2),HK$,22,48
Local Bus,HK$,22,48
Peak Tram,HK$,60,48
Daily Cost,Ft,32182.48,49
Accommodation,Ft,14297.32,49
Food,Ft,5450.55,49
Water,Ft,440.66,49
Local Transportation,Ft,2465.07,49
Entertainment,Ft,5317.12,49
Communication,Ft,75000,49
Tips and Handouts,Ft,269.93,49
Intercity Transportation,Ft,4916.9,49
Souvenirs,Ft,5642.14,49
"Scams, Robberies, and Mishaps",Ft,100,49
Alcohol,Ft,1923.51,49
Metro Pass,Ft,1400,49
Short Taxi Ride,Ft,2550,49
Dinner for Two,Ft,9000,49
Entrance to the Baths for Two,Ft,2500,49
Daily Cost,kr,31511.22,50
Accommodation,kr,8648.77,50
Food,kr,1506.95,50
Local Transportation,kr,3500,50
Entertainment,kr,59382.13,50
Communication,kr,2119.66,50
Intercity Transportation,kr,11872.91,50
Souvenirs,kr,1702.52,50
Alcohol,kr,3472,50
Daily Cost,₨,1717.35,51
Accommodation,₨,881.09,51
Food,₨,456.39,51
Water,₨,31.78,51
Local Transportation,₨,199.21,51
Entertainment,₨,289.73,51
Communication,₨,188.3,51
Tips and Handouts,₨,65.41,51
Intercity Transportation,₨,614.19,51
Souvenirs,₨,718.15,51
"Scams, Robberies, and Mishaps",₨,68.14,51
Alcohol,₨,204.08,51
Periyar Wildlife Sanctuary,₨,450,51
Rickshaw from Airport,₨,1108.5,51
Day Tour,₨,1108.5,51
Coconut,₨,75,51
Tuk Tuk Ride,₨,10,51
Tuk Tuk Ride,₨,20,51
Tuk Tuk Ride,₨,30,51
Subway,₨,32,51
Tuk Tuk Ride,₨,40,51
Rickshaw Ride,₨,50,51
Tuk Tuk Ride,₨,50,51
Tuk Tuk Through Town,₨,80,51
Daily Cost,Rp,601306.76,52
Accommodation,Rp,348875.4,52
Food,Rp,147543.78,52
Water,Rp,15412.52,52
Local Transportation,Rp,54333.34,52
Entertainment,Rp,122646.08,52
Communication,Rp,66684.5,52
Tips and Handouts,Rp,39525.14,52
Intercity Transportation,Rp,159278.65,52
Souvenirs,Rp,278200.44,52
"Scams, Robberies, and Mishaps",Rp,129436.86,52
Alcohol,Rp,56548.13,52
Local Phone call,Rp,1500,52
Lunch for Two,Rp,130000,52
Coffee,Rp,20000,52
Lunch for Two,Rp,219450,52
Bali Cafe for Two,Rp,433000,52
Spa for Two,Rp,870000,52
Sarongs,Rp,1230000,52
Daily Cost,€,96.85,53
Accommodation,€,48.22,53
Food,€,29.11,53
Water,€,3.62,53
Local Transportation,€,14.45,53
Entertainment,€,12.61,53
Communication,€,2.86,53
Tips and Handouts,€,5.68,53
Intercity Transportation,€,34.54,53
Souvenirs,€,17.31,53
Alcohol,€,12.36,53
Bus to Galway,€,24.5,53
Bus from Airport,€,7,53
Lunch Lynam's Pub,€,3.95,53
St Pauls Cathedral,€,4.5,53
Dublin Writer's Museum,€,6.3,53
Postcard,€,0.4,53
Motion Sickness Medicine,€,4.49,53
Overnight Parking,€,10,53
Fish & Chips Dinner,€,8.12,53
Guinness Brewery for Two,€,27,53
Ferry Dublin to London,€,36,53
Wild Wicklow Tour,€,26.01,53
Daily Cost,₪,334.64,54
Accommodation,₪,193.04,54
Food,₪,97.45,54
Water,₪,15.32,54
Local Transportation,₪,19.26,54
Entertainment,₪,37.54,54
Communication,₪,8.38,54
Tips and Handouts,₪,19.5,54
Intercity Transportation,₪,64.13,54
Souvenirs,₪,1434.5,54
"Scams, Robberies, and Mishaps",₪,4,54
Alcohol,₪,57.57,54
Bus to Bethlehem for Two,₪,24,54
Two Bus Tickets to Jerusalem,₪,32.3,54
Local Bus,₪,11.8,54
Local Bus,₪,14,54
Pastries,₪,4,54
Pastry,₪,7,54
Peaches,₪,8,54
Juice,₪,10,54
Orange Juice,₪,10,54
Watermelon,₪,12,54
Watermelon,₪,15,54
Lunch for Two,₪,20,54
Daily Cost,€,118.65,55
Accommodation,€,66.12,55
Food,€,32.37,55
Water,€,3.13,55
Local Transportation,€,11.03,55
Entertainment,€,14.83,55
Communication,€,5.66,55
Tips and Handouts,€,8.04,55
Intercity Transportation,€,27.46,55
Souvenirs,€,27.47,55
"Scams, Robberies, and Mishaps",€,35.24,55
Alcohol,€,11.01,55
Milan Acco New Generation Hostel,€,16,55
Bus Ticket,€,1.6,55
Local Bus Ticket,€,4.2,55
Bus From Airport,€,6,55
Ferry to Capri (Round Trip),€,35.3,55
Cappucino,€,1.75,55
Pizza,€,6,55
Pizza in a Restaurant,€,9.32,55
Sandwich in a Restaurant,€,12.34,55
Casual Lunch (for Two),€,21,55
Casual Lunch (for Two),€,23.43,55
Sitdown Dinner (for Two),€,30.5,55
Daily Cost,JMD,15427.3,56
Accommodation,JMD,10899.99,56
Food,JMD,3223.42,56
Local Transportation,JMD,848.26,56
Entertainment,JMD,3030.29,56
Intercity Transportation,JMD,1221.88,56
Alcohol,JMD,1031.01,56
Taxi From Airport,JMD,2115.25,56
Admission to Doctor's Cave Beach,JMD,423.05,56
Admission to Coyaba Gardens,JMD,846.1,56
Tour of Brimmer Hall Estate,JMD,1692.2,56
Tour of Prospect Plantation,JMD,2792.13,56
Snorkeling Trip,JMD,2961.35,56
One Tank Dive,JMD,5922.7,56
2 Hr Horseback Ride,JMD,6768.8,56
1.5 Hr Horseback Ride,JMD,6768.8,56
Daily Cost,¥,13549.05,57
Accommodation,¥,6432.34,57
Food,¥,3114.41,57
Water,¥,148.47,57
Local Transportation,¥,1385.59,57
Entertainment,¥,1718.82,57
Communication,¥,7551.39,57
Tips and Handouts,¥,403.62,57
Intercity Transportation,¥,9449.71,57
Souvenirs,¥,2121.14,57
"Scams, Robberies, and Mishaps",¥,216.49,57
Alcohol,¥,1994.06,57
Metro from Airport,¥,2000,57
Conveyor Belt Sushi Snack,¥,800,57
Late Night Noodles,¥,800,57
Sake,¥,600,57
Donation at Temple,¥,500,57
Daily Cost,JOD,43.66,58
Accommodation,JOD,16.73,58
Food,JOD,11.14,58
Water,JOD,3.33,58
Local Transportation,JOD,7.32,58
Entertainment,JOD,26.58,58
Communication,JOD,3.04,58
Tips and Handouts,JOD,2.17,58
Intercity Transportation,JOD,10.89,58
Souvenirs,JOD,1,58
Alcohol,JOD,11.64,58
Bus Ride (for Two),JOD,0.5,58
RIde to Airport,JOD,20,58
Juice,JOD,1.25,58
Pastries,JOD,3,58
Tea,JOD,4,58
Dinner for Two,JOD,8.5,58
Water (1.5L),JOD,0.5,58
Entry to Petra for Two,JOD,52,58
Internet Cafe,JOD,1,58
Daily Cost,KES,4375.12,59
Accommodation,KES,1199.5,59
Food,KES,953.65,59
Water,KES,196.82,59
Local Transportation,KES,1107.04,59
Entertainment,KES,5295.3,59
Tips and Handouts,KES,470,59
Souvenirs,KES,170,59
Alcohol,KES,1623.61,59
Taxi from Airport,KES,1200,59
Dinner for Two,KES,650,59
Village Visit,KES,2000,59
Internet Cafe,KES,450,59
Daily Cost,LAK,225348.69,60
Accommodation,LAK,87697.57,60
Food,LAK,84434.07,60
Water,LAK,7484.05,60
Local Transportation,LAK,30510.15,60
Entertainment,LAK,50262.93,60
Communication,LAK,21668.1,60
Tips and Handouts,LAK,25725.5,60
Intercity Transportation,LAK,93246.5,60
Souvenirs,LAK,39517.86,60
Alcohol,LAK,28368.54,60
Tuk Tuk Ride,LAK,50000,60
Tuk Tuk Ride,LAK,90000,60
Internet,LAK,49500,60
Laundry,LAK,10000,60
Daily Cost,€,45.34,61
Accommodation,€,23.23,61
Food,€,12.84,61
Water,€,1.92,61
Local Transportation,€,3.03,61
Entertainment,€,4.64,61
Intercity Transportation,€,18.98,61
Souvenirs,€,3.05,61
Alcohol,€,6.09,61
Pastry,€,1.85,61
Fast Food Lunch,€,5.77,61
Lunch in town for two,€,6.67,61
1 Liter Water,€,0.5,61
Daily Cost,LBP,124352.71,62
Accommodation,LBP,60839.95,62
Food,LBP,42590.51,62
Local Transportation,LBP,15212.5,62
Entertainment,LBP,42611.55,62
Intercity Transportation,LBP,26631.1,62
Daily Cost,LTL,230.36,63
Accommodation,LTL,112.69,63
Food,LTL,91.68,63
Water,LTL,2.15,63
Local Transportation,LTL,20.53,63
Entertainment,LTL,24.73,63
Communication,LTL,3.29,63
Tips and Handouts,LTL,3.54,63
Intercity Transportation,LTL,49.45,63
Souvenirs,LTL,9.75,63
Alcohol,LTL,17.24,63
Walking Tour,LTL,20,63
Beer,LTL,15,63
Two Tickets on Ferry,LTL,5.6,63
Lunch for Two,LTL,20,63
Lunch for Two,LTL,22,63
Dinner for Two,LTL,36,63
Dinner for Two,LTL,45,63
Bottled Water,LTL,1.9,63
Bike Rental for Two,LTL,40,63
Daily Cost,€,147.79,64
Accommodation,€,67.49,64
Food,€,69.34,64
Local Transportation,€,8.95,64
Entertainment,€,8.53,64
Intercity Transportation,€,43.5,64
Alcohol,€,8.95,64
Daily Cost,MOP,921.42,65
Accommodation,MOP,729.75,65
Food,MOP,118.07,65
Water,MOP,18.38,65
Local Transportation,MOP,3.83,65
Entertainment,MOP,202.52,65
Intercity Transportation,MOP,26.75,65
Souvenirs,MOP,66.83,65
Local Bus (for Two),MOP,8,65
Daily Cost,MGF,405453.41,66
Accommodation,MGF,230291.71,66
Food,MGF,123203.21,66
Local Transportation,MGF,43429.7,66
Entertainment,MGF,59715.84,66
Intercity Transportation,MGF,153146.84,66
Alcohol,MGF,28572.17,66
Daily Cost,MYR,142.07,67
Accommodation,MYR,79.02,67
Food,MYR,29.78,67
Water,MYR,2.92,67
Local Transportation,MYR,15.16,67
Entertainment,MYR,21.69,67
Communication,MYR,3.84,67
Tips and Handouts,MYR,0.58,67
Intercity Transportation,MYR,59.33,67
Souvenirs,MYR,22.68,67
Alcohol,MYR,13.33,67
Bus From Airport to George Town,MYR,2.7,67
Bicycle Rental (One Day),MYR,10,67
Train & Boat to Pulau Ketam,MYR,12,67
Motorbike Rental (One Day),MYR,30,67
Taxi From Airport to George Town,MYR,46,67
Taiwanese Noodle Soup,MYR,5,67
Asam Pedas (Fish Curry),MYR,6,67
Casual Lunch (for Two),MYR,19,67
Sitdown Dinner (for Two),MYR,32,67
Italian Lunch (for Two),MYR,48,67
Fort Cornwallis Entrance,MYR,2,67
Low Cost Kite,MYR,3,67
Daily Cost,CFA,16009.82,68
Accommodation,CFA,7322.53,68
Food,CFA,4408.96,68
Water,CFA,1336.7,68
Local Transportation,CFA,1814.57,68
Entertainment,CFA,4659.72,68
Communication,CFA,1124.58,68
Tips and Handouts,CFA,1723.64,68
Intercity Transportation,CFA,5254.53,68
Alcohol,CFA,852.5,68
Taxi,CFA,2000,68
Short Taxi Ride,CFA,3000,68
Melon,CFA,100,68
Fruit,CFA,350,68
Snacks,CFA,500,68
Sodas,CFA,500,68
Sodas,CFA,500,68
Watermelon,CFA,800,68
Fruit,CFA,1000,68
Kola Nuts,CFA,1000,68
Breakfast for Two,CFA,1100,68
Snacks,CFA,1150,68
Daily Cost,€,81.29,69
Accommodation,€,51.43,69
Food,€,22.29,69
Local Transportation,€,6.86,69
Entertainment,€,10.86,69
Intercity Transportation,€,14.29,69
Alcohol,€,9.14,69
Daily Cost,MRO,15277.82,70
Accommodation,MRO,4187.5,70
Food,MRO,1807.69,70
Water,MRO,218.13,70
Local Transportation,MRO,17547,70
"Scams, Robberies, and Mishaps",MRO,456,70
Daily Cost,MXN,828.56,71
Accommodation,MXN,401.02,71
Food,MXN,200.82,71
Water,MXN,14.81,71
Local Transportation,MXN,138.12,71
Entertainment,MXN,272.59,71
Communication,MXN,40.28,71
Tips and Handouts,MXN,40.97,71
Intercity Transportation,MXN,334.68,71
Souvenirs,MXN,240.63,71
"Scams, Robberies, and Mishaps",MXN,62.25,71
Alcohol,MXN,81.47,71
Taxi to Bus Station,MXN,30,71
Taxi from Bus Station,MXN,35,71
Mexican Chips,MXN,7,71
Ice Cream,MXN,22,71
Guide at Palenque,MXN,400,71
Postcards ,MXN,15,71
Short Taxi Ride,MXN,25,71
Water,MXN,18,71
Edzna Entry (for 2),MXN,82,71
Mayan Village Entrance (for 2),MXN,100,71
Uxmal Entrance (for 2),MXN,332,71
Water,MXN,9.5,71
Daily Cost,€,165.72,72
Accommodation,€,97.29,72
Food,€,47.23,72
Local Transportation,€,16.14,72
Entertainment,€,41.14,72
Intercity Transportation,€,28.56,72
Alcohol,€,47.49,72
Show Tickets,€,148.5,72
Grand Prix for Two,€,100.64,72
Daily Cost,MNT,46698.64,73
Accommodation,MNT,17368.96,73
Food,MNT,14827.31,73
Water,MNT,611.62,73
Local Transportation,MNT,5582.29,73
Entertainment,MNT,11242.26,73
Communication,MNT,2164.95,73
Tips and Handouts,MNT,3001.94,73
Intercity Transportation,MNT,73866.25,73
Souvenirs,MNT,5566.18,73
"Scams, Robberies, and Mishaps",MNT,1000,73
Alcohol,MNT,7085.9,73
Night in a Ger,MNT,4000,73
Daily Cost,MAD,404.34,74
Accommodation,MAD,216.01,74
Food,MAD,117.11,74
Water,MAD,20.11,74
Local Transportation,MAD,35.52,74
Entertainment,MAD,51.93,74
Communication,MAD,15.31,74
Tips and Handouts,MAD,20.65,74
Intercity Transportation,MAD,101.32,74
Souvenirs,MAD,199.86,74
"Scams, Robberies, and Mishaps",MAD,1847.63,74
Alcohol,MAD,62.6,74
Fish for Lunch,MAD,150,74
Dinner for 2,MAD,115,74
Water,MAD,8,74
Water,MAD,12,74
Berber Museum (2),MAD,20,74
Granary Fee,MAD,20,74
Dinner,MAD,75,74
Public Restroom,MAD,4,74
CTM bus from Eassaouira to Agadir,MAD,130,74
Dinner at Rick's Cafe (for Two),MAD,324.5,74
Juice,MAD,10,74
Golf at Atlas Golf,MAD,565,74
Daily Cost,MMK,83547.32,75
Accommodation,MMK,31676.51,75
Food,MMK,10248.54,75
Water,MMK,8187.82,75
Local Transportation,MMK,5663.32,75
Intercity Transportation,MMK,26105.42,75
Souvenirs,MMK,27000,75
Daily Cost,NPR,2684.85,76
Accommodation,NPR,1365.4,76
Food,NPR,828.35,76
Water,NPR,28.61,76
Local Transportation,NPR,161.73,76
Entertainment,NPR,706.7,76
Communication,NPR,273.54,76
Tips and Handouts,NPR,354.59,76
Intercity Transportation,NPR,499.84,76
Souvenirs,NPR,394.62,76
"Scams, Robberies, and Mishaps",NPR,63.94,76
Alcohol,NPR,654.87,76
Bus,NPR,750,76
Short Taxi Ride,NPR,100,76
Taxi Ride,NPR,200,76
Dessert,NPR,180,76
Pastries,NPR,200,76
Dessert (for 2),NPR,400,76
Dinner for Two,NPR,400,76
Dinner for Two,NPR,600,76
Dinner,NPR,850,76
1 Liter Water,NPR,40,76
Water (1.5L),NPR,45,76
Monkey Temple for Two,NPR,200,76
Daily Cost,€,117.17,77
Accommodation,€,66.45,77
Food,€,26.77,77
Water,€,6.18,77
Local Transportation,€,17.31,77
Entertainment,€,14.66,77
Tips and Handouts,€,4.71,77
Intercity Transportation,€,26.83,77
Souvenirs,€,2.99,77
"Scams, Robberies, and Mishaps",€,75,77
Alcohol,€,12.66,77
Taxi Ride,€,10,77
Single Day Transit Pass,€,2.6,77
Transit Pass to Amsterdam Airport ,€,3.4,77
One Hour Canal Cruise,€,10,77
Ride on Tram,€,3.2,77
Renting a Bike,€,15,77
Afternoon Tea,€,6,77
Two tickets to the Houseboat Museum,€,6,77
Entry for two to the Anne Frank House,€,17,77
Daily Cost,NZD,179.49,78
Accommodation,NZD,114.79,78
Food,NZD,30.6,78
Water,NZD,2.9,78
Local Transportation,NZD,17.08,78
Entertainment,NZD,45.21,78
Communication,NZD,11.76,78
Tips and Handouts,NZD,0.84,78
Intercity Transportation,NZD,49.47,78
Souvenirs,NZD,39.77,78
Alcohol,NZD,13.08,78
Skyline Gondola (for 2),NZD,50.4,78
Auckland Sky Tour (for 2),NZD,55.2,78
Waiheke Island Tour (for 2),NZD,201.6,78
Milford Sound Trip (for 2),NZD,324,78
Lost World Tour (for 2),NZD,708,78
Massage,NZD,95,78
Jet Boating,NZD,95,78
Bungy Jumping,NZD,255,78
Skydiving,NZD,320,78
Lunch Out for Two,NZD,46,78
Coffee,NZD,5,78
Breakfast,NZD,8,78
Daily Cost,NIO,691.71,79
Accommodation,NIO,276.58,79
Food,NIO,275.69,79
Water,NIO,20.83,79
Local Transportation,NIO,47.56,79
Entertainment,NIO,203.61,79
Communication,NIO,16.36,79
Tips and Handouts,NIO,127.71,79
Intercity Transportation,NIO,238.73,79
Souvenirs,NIO,324.45,79
"Scams, Robberies, and Mishaps",NIO,194.68,79
Alcohol,NIO,115.47,79
Pizza,NIO,84,79
Lago de Nicaragua Boat Tour,NIO,300,79
Tequila,NIO,50,79
Daily Cost,NOK,946.69,80
Accommodation,NOK,606.4,80
Food,NOK,214.66,80
Local Transportation,NOK,126.83,80
Entertainment,NOK,122.76,80
Intercity Transportation,NOK,230.54,80
Souvenirs,NOK,45,80
"Scams, Robberies, and Mishaps",NOK,40,80
Alcohol,NOK,76.38,80
Tram Ticket,NOK,72,80
Daily Cost,PAB,55.97,81
Accommodation,PAB,24.5,81
Food,PAB,17.29,81
Water,PAB,2.48,81
Local Transportation,PAB,7.3,81
Entertainment,PAB,19.29,81
Communication,PAB,4.78,81
Tips and Handouts,PAB,3.35,81
Intercity Transportation,PAB,15.72,81
Souvenirs,PAB,8.36,81
"Scams, Robberies, and Mishaps",PAB,47.57,81
Alcohol,PAB,11.06,81
Sandwich,PAB,8.25,81
Yoga Class,PAB,5,81
Starfish Island Boat Trip,PAB,20,81
Water Taxi,PAB,3,81
Breakfast,PAB,14,81
Lunch,PAB,15,81
Island Boat Tour,PAB,25,81
Daily Cost,PEN,126.63,82
Accommodation,PEN,54.92,82
Food,PEN,37.04,82
Water,PEN,4.45,82
Local Transportation,PEN,13.39,82
Entertainment,PEN,42.96,82
Communication,PEN,8.59,82
Tips and Handouts,PEN,9.3,82
Intercity Transportation,PEN,87.35,82
Souvenirs,PEN,18.4,82
"Scams, Robberies, and Mishaps",PEN,21.43,82
Alcohol,PEN,15.58,82
Gardens of Mandor,PEN,10,82
Chips,PEN,4,82
Bathroom Fee,PEN,1,82
Taxi Ride,PEN,8,82
Chips,PEN,5.5,82
Toilet Fee,PEN,0.5,82
Toilet Fee,PEN,2,82
Postcards,PEN,11,82
Donut,PEN,3.5,82
Movie Tickets,PEN,8.5,82
Cocktail,PEN,12,82
Short Taxi Ride,PEN,15,82
Daily Cost,PHP,2721.62,83
Accommodation,PHP,1532.3,83
Food,PHP,437.45,83
Water,PHP,65.81,83
Local Transportation,PHP,308.29,83
Entertainment,PHP,1746.82,83
Communication,PHP,18.34,83
Tips and Handouts,PHP,88.07,83
Intercity Transportation,PHP,579.15,83
Souvenirs,PHP,98.62,83
"Scams, Robberies, and Mishaps",PHP,68.14,83
Alcohol,PHP,159.81,83
Daily Cost,PLN,225.4,84
Accommodation,PLN,132.56,84
Food,PLN,56.93,84
Water,PLN,2.57,84
Local Transportation,PLN,17.26,84
Entertainment,PLN,46.1,84
Communication,PLN,10,84
Tips and Handouts,PLN,3,84
Intercity Transportation,PLN,60.15,84
Souvenirs,PLN,23.16,84
"Scams, Robberies, and Mishaps",PLN,4.08,84
Alcohol,PLN,29.34,84
Sandwich,PLN,4.2,84
Gingerbread,PLN,2.5,84
Ice Cream,PLN,2.6,84
Gingerbread Cooking Class,PLN,9.5,84
Luggage Storage,PLN,9,84
Lunch for Two,PLN,42,84
Coffee & Sandwich,PLN,12,84
Dinner for Two,PLN,52,84
Bottled Water,PLN,3,84
A Couple Beers,PLN,13,84
Vodka,PLN,54,84
Daily Cost,€,82.74,85
Accommodation,€,37.84,85
Food,€,27.17,85
Water,€,1.11,85
Local Transportation,€,12.04,85
Entertainment,€,9.66,85
Communication,€,12.55,85
Tips and Handouts,€,7.46,85
Intercity Transportation,€,25.32,85
Souvenirs,€,12.56,85
"Scams, Robberies, and Mishaps",€,3.09,85
Alcohol,€,11.28,85
Coach Bus to Braga from Porto,€,6,85
Lunch for Two,€,12.5,85
Taxi Ride,€,6.5,85
Coffee,€,1.4,85
Coffee,€,2.5,85
Pizzaria Lunch (for 2),€,14.7,85
Daily Cost,$,162.47,86
Accommodation,$,104.18,86
Food,$,28.41,86
Water,$,5.09,86
Local Transportation,$,10.64,86
Entertainment,$,39.04,86
Intercity Transportation,$,48.1,86
Alcohol,$,10.69,86
Horseback Riding Tour,$,40,86
Horseback Riding Tour,$,40,86
1 Hr Windsurfing Lesson,$,75,86
Full Day Snorkeling Trip,$,100,86
Daily Cost,ROL,338.71,87
Accommodation,ROL,97.45,87
Food,ROL,157.13,87
Local Transportation,ROL,69.69,87
Entertainment,ROL,54.29,87
Intercity Transportation,ROL,77.14,87
Alcohol,ROL,34.29,87
Daily Cost,RUB,3501.47,88
Accommodation,RUB,1998.06,88
Food,RUB,855.15,88
Water,RUB,53.54,88
Local Transportation,RUB,228,88
Entertainment,RUB,973.31,88
Communication,RUB,69.39,88
Tips and Handouts,RUB,43.21,88
Intercity Transportation,RUB,2137.9,88
Souvenirs,RUB,259.97,88
"Scams, Robberies, and Mishaps",RUB,76.99,88
Alcohol,RUB,361.24,88
Lunch (for 2),RUB,410,88
Water,RUB,58,88
Luggage Storage,RUB,120,88
Hot Springs (for 2),RUB,400,88
Laundry,RUB,135,88
Quick Lunch for Two,RUB,195,88
Lunch (for 2),RUB,235,88
Short Taxi Ride,RUB,100,88
Luggage Storage,RUB,113,88
Public Toilet Fee,RUB,20,88
Lunch for Two,RUB,430,88
Public Toilet Fee,RUB,20,88
Daily Cost,RWF,24170.62,89
Accommodation,RWF,14700,89
Food,RWF,5608.37,89
Water,RWF,1375,89
Local Transportation,RWF,4141.5,89
Tips and Handouts,RWF,2940,89
Intercity Transportation,RWF,600,89
Souvenirs,RWF,1000,89
Alcohol,RWF,7729.1,89
Daily Cost,€,225.25,90
Accommodation,€,152.8,90
Food,€,42.7,90
Local Transportation,€,17.77,90
Entertainment,€,71.24,90
Intercity Transportation,€,30.58,90
Alcohol,€,12.95,90
1 Hr Windsurfing Lesson,€,38.46,90
1 Hour Windsurfing Lesson,€,38.46,90
One Tank Dive,€,62.94,90
One Tank Dive,€,62.94,90
One Tank Dive,€,62.94,90
4 People 1/2 Day Deep Sea Fishing,€,400,90
Daily Cost,EC$,671.09,91
Accommodation,EC$,449.25,91
Food,EC$,103.57,91
Local Transportation,EC$,114.14,91
Entertainment,EC$,217.78,91
Intercity Transportation,EC$,67.53,91
Souvenirs,EC$,51.81,91
Alcohol,EC$,45.38,91
Island Tour,EC$,162,91
Island Tour,EC$,162,91
Swimsuit Coverup,EC$,94.5,91
Bathing Suit Coverup,EC$,94.5,91
Wall Hanging,EC$,108,91
Wall Hanging,EC$,108,91
Daily Cost,EC$,452.45,92
Accommodation,EC$,285.7,92
Food,EC$,113.72,92
Local Transportation,EC$,46.28,92
Entertainment,EC$,93.55,92
Intercity Transportation,EC$,64.9,92
Alcohol,EC$,38.2,92
Daily Cost,CFA,43955.44,93
Accommodation,CFA,31741.31,93
Food,CFA,8521.5,93
Water,CFA,711.17,93
Local Transportation,CFA,1299.46,93
Entertainment,CFA,4156.7,93
Communication,CFA,1079.41,93
Tips and Handouts,CFA,1176.41,93
Intercity Transportation,CFA,5172.46,93
Souvenirs,CFA,1500,93
Alcohol,CFA,2733.4,93
Bus Ride,CFA,7050,93
Local Bus,CFA,600,93
Taxi Ride,CFA,1600,93
Short Taxi Ride,CFA,2700,93
Breakfast,CFA,2500,93
Lunch for Two,CFA,2500,93
Dinner (for 2),CFA,4000,93
Dinner for Two,CFA,5500,93
Lunch for Two,CFA,6900,93
Bottled Water,CFA,500,93
Water (1.5L),CFA,500,93
Water,CFA,1000,93
Daily Cost,RSD,2990.81,94
Accommodation,RSD,932.13,94
Food,RSD,807.38,94
Water,RSD,850.05,94
Local Transportation,RSD,487.38,94
Entertainment,RSD,392.9,94
Tips and Handouts,RSD,80,94
Intercity Transportation,RSD,120.31,94
Souvenirs,RSD,2991.13,94
Daily Cost,SG$,139.16,95
Accommodation,SG$,79.29,95
Food,SG$,28.67,95
Water,SG$,4.28,95
Local Transportation,SG$,11.15,95
Entertainment,SG$,32.64,95
Communication,SG$,5.48,95
Tips and Handouts,SG$,14.3,95
Intercity Transportation,SG$,33.02,95
Souvenirs,SG$,17.55,95
Alcohol,SG$,160,95
Hotel Tax ,SG$,14,95
Sugarcane Juice,SG$,2,95
Taxi to Airport,SG$,32,95
Breakfast,SG$,6.09,95
Daily Cost,€,65.33,96
Accommodation,€,30.01,96
Food,€,25.55,96
Local Transportation,€,9.14,96
Entertainment,€,9.14,96
Intercity Transportation,€,29.08,96
Alcohol,€,9.14,96
Daily Cost,€,74.81,97
Accommodation,€,41.63,97
Food,€,18.73,97
Local Transportation,€,13.69,97
Entertainment,€,9.76,97
Communication,€,2.74,97
Intercity Transportation,€,33.32,97
Souvenirs,€,6,97
Alcohol,€,9.61,97
Horsemeat Hot Dog,€,2,97
Castle Tower Entrance (for 2),€,8,97
Drinks at a Sidewalk Cafe (for 2),€,6,97
Bottle of Wine,€,11.5,97
Gostilnica Navogalu Cafe Lunch,€,7.5,97
Gondola (for 2),€,20,97
Restaurant Dinner (for 2),€,24,97
Bottle of Champagne,€,18,97
Rafting,€,92.5,97
Internet,€,2,97
Daily Cost,ZAR,1183.74,98
Accommodation,ZAR,544.74,98
Food,ZAR,368.9,98
Water,ZAR,28.93,98
Local Transportation,ZAR,204.13,98
Entertainment,ZAR,224.08,98
Tips and Handouts,ZAR,39.02,98
Intercity Transportation,ZAR,397.89,98
Souvenirs,ZAR,1125.64,98
"Scams, Robberies, and Mishaps",ZAR,431.5,98
Alcohol,ZAR,186.44,98
Taxi Ride,ZAR,60,98
1 Liter Water,ZAR,15,98
Daily Cost,KRW,127922.4,99
Accommodation,KRW,67687.44,99
Food,KRW,24126.54,99
Water,KRW,2138.04,99
Local Transportation,KRW,15412.87,99
Entertainment,KRW,24359.39,99
Communication,KRW,58798.18,99
Tips and Handouts,KRW,50000,99
Intercity Transportation,KRW,41263.51,99
Souvenirs,KRW,31279.65,99
Alcohol,KRW,10035.69,99
Breakfast and Coffee for 2,KRW,9500,99
Bus from Incheon to Seoul,KRW,14000,99
Bus to Airport,KRW,15000,99
Subway Card,KRW,5000,99
Short Taxi Ride,KRW,7000,99
Waffle,KRW,1000,99
Donut,KRW,1000,99
Drinking Yoghurt & Mi Chew,KRW,1900,99
Chicken Stick,KRW,2000,99
Dippin' Dots,KRW,2000,99
Green Tea Ice Cream,KRW,3300,99
Soba Noodles Lunch,KRW,4500,99
Daily Cost,€,89.33,100
Accommodation,€,46.34,100
Food,€,21.54,100
Water,€,2.68,100
Local Transportation,€,11.05,100
Entertainment,€,16.46,100
Communication,€,8.8,100
Tips and Handouts,€,4.3,100
Intercity Transportation,€,31.86,100
Souvenirs,€,16.93,100
"Scams, Robberies, and Mishaps",€,3.11,100
Alcohol,€,8.4,100
Gelatto,€,2.5,100
Tapas on the beach,€,8.28,100
Metro,€,2.1,100
Lunch,€,11.2,100
Water,€,1,100
water,€,2,100
Coffee,€,3.1,100
Almonds and Pastry,€,7,100
Dinner,€,47,100
Croissant,€,1.5,100
Lunch at Airport (for 2),€,15.75,100
Kebabs (for 2),€,15.8,100
Daily Cost,LKR,5180.76,101
Accommodation,LKR,2042.52,101
Food,LKR,1406.84,101
Water,LKR,132.67,101
Local Transportation,LKR,481.33,101
Entertainment,LKR,1719.85,101
Communication,LKR,240.09,101
Tips and Handouts,LKR,312.4,101
Intercity Transportation,LKR,4007.11,101
Souvenirs,LKR,1411.71,101
Alcohol,LKR,1528.24,101
Daily Cost,SEK,1134.35,102
Accommodation,SEK,555.32,102
Food,SEK,277.61,102
Water,SEK,24.8,102
Local Transportation,SEK,159.13,102
Entertainment,SEK,135.98,102
Intercity Transportation,SEK,348.49,102
Souvenirs,SEK,98.42,102
Alcohol,SEK,206.46,102
Malmö Bus Card,SEK,200,102
Daily Cost,Sfr,173.16,103
Accommodation,Sfr,104.35,103
Food,Sfr,40.09,103
Water,Sfr,3.1,103
Local Transportation,Sfr,15.64,103
Entertainment,Sfr,44.12,103
Communication,Sfr,30,103
Tips and Handouts,Sfr,6,103
Intercity Transportation,Sfr,28.32,103
Souvenirs,Sfr,48.12,103
Alcohol,Sfr,14.82,103
City Pass (2),Sfr,26,103
Breakfast  for 2,Sfr,12.2,103
1 Day Bicycle Rental,Sfr,31,103
The Swiss Transport Museum Entrance Fee,Sfr,32,103
Cable Cars (for 2),Sfr,60,103
Tea at Interlaken,Sfr,30,103
Daily Cost,TWD,8476.38,104
Accommodation,TWD,7631.65,104
Food,TWD,340.53,104
Water,TWD,137.13,104
Local Transportation,TWD,224.99,104
Entertainment,TWD,316.62,104
Communication,TWD,656.32,104
Tips and Handouts,TWD,154.98,104
Intercity Transportation,TWD,259.76,104
Souvenirs,TWD,1149.58,104
"Scams, Robberies, and Mishaps",TWD,150,104
Alcohol,TWD,449.04,104
Lunch,TWD,60,104
Lunch,TWD,95,104
EasyCard,TWD,1000,104
Lunch at The Can,TWD,220,104
EasyCard,TWD,500,104
Daily Cost,TZS,140361.25,105
Accommodation,TZS,74792.58,105
Food,TZS,27594.7,105
Water,TZS,1031.82,105
Local Transportation,TZS,17792.5,105
Entertainment,TZS,72253.98,105
Communication,TZS,800,105
Tips and Handouts,TZS,43064.05,105
Intercity Transportation,TZS,55301.63,105
Souvenirs,TZS,8455.21,105
Alcohol,TZS,13506.82,105
A Quick Lunch (for 2),TZS,5500,105
Drinks for 2 in a Restaurant,TZS,10000,105
Daily Cost,B,1851.35,106
Accommodation,B,988.98,106
Food,B,380.04,106
Water,B,52.49,106
Local Transportation,B,187.6,106
Entertainment,B,572.79,106
Communication,B,198.35,106
Tips and Handouts,B,59.52,106
Intercity Transportation,B,653.32,106
Souvenirs,B,445.82,106
"Scams, Robberies, and Mishaps",B,1173.16,106
Alcohol,B,164.15,106
Hostel,B,170.62,106
Hotel,B,284.15,106
Airport Lunch for 2,B,550,106
Kayak and Snorkel (2),B,100,106
Minibus- Airport to Chaweng,B,120,106
Taxi- Na Thon Pier to Lamai Beach,B,420,106
Airport Taxi,B,440,106
Casual Lunch (for Two),B,215,106
Club Cover Charge,B,375,106
Thai Boxing Tickets (for Two),B,2400,106
Thai Music CD,B,125,106
Minibus to Hat Yai,B,700,106
Daily Cost,TRY,144.39,107
Accommodation,TRY,87.36,107
Food,TRY,31.09,107
Water,TRY,1.53,107
Local Transportation,TRY,12.01,107
Entertainment,TRY,32.04,107
Communication,TRY,17.14,107
Tips and Handouts,TRY,6.78,107
Intercity Transportation,TRY,51.58,107
Souvenirs,TRY,13.52,107
"Scams, Robberies, and Mishaps",TRY,26.68,107
Alcohol,TRY,27.65,107
Water,TRY,2,107
Gorge Walk entry and photo,TRY,5.5,107
Underground City,TRY,8,107
Castle entry,TRY,10,107
Goreme open air museum,TRY,20,107
Hagia Sofia entrance,TRY,30,107
Turkish Bath,TRY,70,107
Bellydancing Show,TRY,130,107
Paragliding,TRY,240,107
Hot air ballooning,TRY,405,107
Whirling Dervishes Show,TRY,100,107
Ephesus Entrance Fee,TRY,20,107
Daily Cost,$,262.21,108
Accommodation,$,164.17,108
Food,$,62.71,108
Local Transportation,$,19.41,108
Entertainment,$,84.28,108
Intercity Transportation,$,45.57,108
Alcohol,$,11.44,108
Tour of The Conch Farm,$,10,108
1 Hr Horseback Ride,$,70,108
1/2 Day Snorkel Trip,$,110,108
Daily Cost,USh,178996.25,109
Accommodation,USh,130661.9,109
Food,USh,20711.89,109
Water,USh,3572.17,109
Local Transportation,USh,7500,109
Entertainment,USh,67276.13,109
Tips and Handouts,USh,34562.5,109
Souvenirs,USh,30312.5,109
Alcohol,USh,23396.32,109
Taxi around town,USh,15000,109
Lunch for 2,USh,6000,109
Daily Cost,UAH,768.36,110
Accommodation,UAH,486.1,110
Food,UAH,185.72,110
Water,UAH,10.51,110
Local Transportation,UAH,24.79,110
Entertainment,UAH,57.37,110
Tips and Handouts,UAH,8.78,110
Intercity Transportation,UAH,579.92,110
Souvenirs,UAH,1000.28,110
Alcohol,UAH,192.4,110
Daily Cost,AED,1006.16,111
Accommodation,AED,505.63,111
Food,AED,146.56,111
Water,AED,286.88,111
Local Transportation,AED,57.33,111
Entertainment,AED,16.61,111
Communication,AED,80.99,111
Tips and Handouts,AED,6.5,111
Intercity Transportation,AED,65.56,111
Souvenirs,AED,254,111
Alcohol,AED,66.35,111
Shawarma,AED,7,111
Taxi to Airport,AED,50,111
Daily Car Rental,AED,120,111
Taxi,AED,60,111
Sea Taxi,AED,2,111
Airport Taxi,AED,45.5,111
Internet,AED,45,111
Taxi Ride,AED,45,111
Car Rental,AED,115.18,111
French bread,AED,3.5,111
Lemon Mint Tea,AED,16,111
Smoothie,AED,20,111
Daily Cost,£,112.96,112
Accommodation,£,59.08,112
Food,£,29.05,112
Water,£,3.1,112
Local Transportation,£,16.22,112
Entertainment,£,23.73,112
Communication,£,7.43,112
Tips and Handouts,£,7.87,112
Intercity Transportation,£,35.1,112
Souvenirs,£,33.43,112
"Scams, Robberies, and Mishaps",£,14.72,112
Alcohol,£,10.76,112
Lunch for 2,£,17,112
Oyster Card,£,27,112
Nice lunch at Fleece,£,60.6,112
Train to Gatwick Airport (2),£,21.6,112
Lunch,£,12,112
Hostel for 2,£,30,112
Parking,£,1.7,112
Toll Way - Mersey tunnel,£,1.7,112
Parking in Manchester,£,3,112
Coffee (2),£,4.8,112
London Underground Day Pass,£,8.9,112
Comedy Show,£,8,112
Daily Cost,$,217,113
Accommodation,$,105.94,113
Food,$,39.65,113
Water,$,7.91,113
Local Transportation,$,36.36,113
Entertainment,$,50.29,113
Communication,$,55.5,113
Tips and Handouts,$,11.7,113
Intercity Transportation,$,161.31,113
Souvenirs,$,43.75,113
"Scams, Robberies, and Mishaps",$,98.41,113
Alcohol,$,20.12,113
Anglers Restaurant for Lunch,$,28.74,113
Lightrail from Airport (for 2),$,5.5,113
Roundtrip Ferry to Bainbridge Island (for 2),$,15,113
6 Mini Donuts at Pike Place Market,$,3.25,113
Lunch at Airport (for 2),$,11.13,113
Chinese Lunch in International District (for 2),$,21.23,113
Breakfast at Lowel's in Pike Place Market (for 2),$,32.43,113
Breakfast at French Cafe (for 2),$,36.54,113
24 hrs Deuce Bus,$,7,113
Taxi from Airport to the Strip,$,36,113
David's Cafe Lunch (for 1) ,$,16,113
Monorail Ride,$,5,113
Daily Cost,$,150.91,114
Accommodation,$,95.72,114
Food,$,32.39,114
Local Transportation,$,12.62,114
Entertainment,$,54.11,114
Intercity Transportation,$,29.59,114
Alcohol,$,12.31,114
Taxi Ride,$,5,114
Scooter Rental,$,65,114
Full Day Surfboard Rental,$,80,114
Full Day Kayak Rental,$,99,114
Daily Cost,d,876998.16,115
Accommodation,d,463351.31,115
Food,d,203510.67,115
Water,d,26880.45,115
Local Transportation,d,106407.62,115
Entertainment,d,224630.09,115
Communication,d,53452.69,115
Tips and Handouts,d,104337.39,115
Intercity Transportation,d,334749.03,115
Souvenirs,d,232240.1,115
"Scams, Robberies, and Mishaps",d,128746.17,115
Alcohol,d,95594.08,115
Minibus From Pier,d,120000,115
Bus From Hoi An Bus Station to Town,d,15000,115
Bicycle Rental,d,50000,115
Taxi From Pier,d,210000,115
Motorbike Rental,d,225000,115
Taxi From Airport,d,380000,115
Pho Soup,d,15000,115
Western Dinner (for Two),d,199264,115
Walking Stick,d,5000,115
Lake of Sorrow Entrance,d,10000,115
Ta Phin Village Tax,d,20000,115
Jeep Up Lang Biang Mountain,d,40000,115
